sent_id,original,Tarık_v2.8,Tarık_v2.11,Akif_v2.8,Akif_v2.11,llm_v2.8,llm_v2.11,accuracy_Tarık_v2.8,accuracy_Tarık_v2.11,accuracy_Akif_v2.8,accuracy_Akif_v2.11,accuracy_llm_v2.8,accuracy_llm_v2.11
news_1273,Canımın istediği şarkıları söylüyorum.,Canımın istediği şarkıları söylüyor.,Canımın istediği şarkıyı söylüyorum.,Canının istediği  şarkıyı söylüyor.,Canımın istediği şarkıları söylüyorum.,Canımın istediği şarkıları söylüyorum.,Canımın istediği şarkıları söylüyorum.,80.00,80.00,40.00,100.00,100.00,100.00
ins_887,Unutma lütfen bunları!,Unut lütfen bunları!,Unut lütfen bunları!,Unut lütfen bunu!,Unut lütfen bunları !,Unutulmasın bu lütfen!,Unutmayın lütfen bunu!,75.00,75.00,50.00,75.00,50.00,50.00
pop_1447,"(Olmuyor ama, böyle de olmuyor aabi).","(olmuyor ama, böyle de olmuyor AABİ).","(Olmasın ama, böyle de olmasın abi).","( olmayacak ama, böyle de olmaz abi ) . ","(olmuyor ama, böyle de olmuyor abi)",(Olmuyor ama böyle de olmuyor AABİ).,(Olmasa ama böyle de olmaz abi).,80.00,70.00,70.00,70.00,80.00,60.00
bio_433,"Berlin'de, her gün biraz daha fazla ısınmaya başladığım bu ülkeyi daha iyi tanıyabilmek amacıyla Türkler ve Almanlar arasındaki geleneksel bağları konu alan belgeleri araştırdım.","Berlin'de, her gün biraz daha fazla ısınmaya başladığımız bu ülkeyi daha iyi tanıyabilmek amacıyla Türkler ve Almanlar arasındaki geleneksel bağları konu alan belgeleri araştırdım.","Berlin'de, her gün biraz daha fazla ısınmaya başlamış bu ülkeyi daha iyi tanıyabilme amacıyla Türkler ve Almanlar arasındaki geleneksel bağları konu alan belgeleri araştırmıştım.","Berlin'de, her gün biraz daha fazla ısınmaya başlayan bu ülkeyi daha iyi tanıyabilme amacıyla Türkler ve Almanlar arasında geleneksel bağları konu alan belgeleri araştırdım.  ","Berlin'de, her gün biraz daha fazla ısınmaya başladığım bu ülkeyi daha iyi tanıyabilmek amacıyla Türkler ve Almanlar arasındaki geleneksel bağları konu alan belgelerini araştırırdı.  ","Berlin'de, her gün biraz daha fazla ısındığımda bu ülkeyi daha iyi tanıma amacıyla Türk ve Alman arasındaki geleneksel bağları konu alan belgeleri araştırdım.","Berlin’de, her gün biraz daha fazla ısınmaya başladığım bu ülkeyi daha iyi tanımak amacıyla Türk ve Alman arasındaki geleneksel bağları konu alan belgeleri araştırdım.",96.15,88.46,88.46,92.31,80.77,84.62
ins_791,- Şimdi de bol şekerli şerbet.,- Şimdi de bol şeker Şerbet.,- Şimdi de bol şekerli şerbet.,- Şimdi de bol şeker şerbet.,- Şimdi de bol şekerli Şerbet.,- Şimdi de bol şekerli şerbet.,- Şimdi de bol şekerli şerbet.,71.43,100.00,85.71,85.71,100.00,100.00
pop_929,Grönland ve Antartika'nın erimesi sonucu sular altında kalan İstanbul'dan kurtulanların barındığı Bolu dağlarındaki balıkçılar lüfer akınından çok mutlu oldular.,Grönland ve Antartika'nın erimesi sonucu sular altında kalan İstanbul'dan kurtulanların barındığı Bolu dağlarında balıkçılar lüfer akınından çok mutlu oldular.,Grönland ve Antartika'nın erimesi sonucu su altında kalan İstanbul'dan kurtulanların barındığı Bolu dağlarındaki Balıkçılar lüfer akınından çok mutlu oldular.,Grönland ve Antarktika'nın erimesi sonucu sular altında kalan İstanbul'dan kurtulanların barındığı Bolu Dağı'nda lüfer akınından çok mutlu oldular.,Grönland ve Antartika'nın erimesi sonucu sular altında kalan İstanbul'dan kurtulanların barındığı Bolu dağlarındaki balıkçılar lüfer akınından çok mutlu oldular.,Grönland ve Antartika'nın eriyen sonuçları İstanbul'dan kurtulan suların altında kalan İstanbul'un Bolu dağlarında barınan Balıkların lüferlerden akınından çok mutlu oldular.,Grönland ve Antarkika'nın eriyen sonuçları İstanbul'dan kurtulan su altında kalan Bolu dağlarındaki balıkçılar lüferin akınından çok mutlu oldular.,95.00,90.00,85.00,100.00,55.00,50.00
news_1727,"Kurucu Başkan İsmail Alptekin, 14 Mayıs ""ilk adım"" toplantısında ""Emaneti bir başka abiye teslim ediyorum."" diyerek genel başkanlığı Recai Kutan'a devretti.","Kurum başkanı İsmail Alptekin, 14 Mayıs ""İlk Adım"" toplantısında ""Emaneti bir başka abiye teslim ediyorum."" diyerek genel başkanlığı Recai Kutan'a devretti.","Kurum başkanı İsmail Alptekin, 14 Mayıs ""İlk Adım"" toplantısında ""Emaneti bir başka abiye teslim ediyorum."" diyerek genel başkanlığı Recai Kutan'a devretti.","Kurul başkanı İsmail Alptekin, 14 Mayıs ""ilk adım"" toplantısında ""Emaneti bir başka abiye teslim ediyor.""  deyip genel başkanlığı Recai Kutan'a devretti.","Kurul başkanı İsmail Alptekin, 14 Mayıs ""ilk adım"" toplantısında ""Emaneti bir başka abiye teslim ediyorum."" deyip genel başkanlığı Recai Kutan'a devretti.","Kur başkanı İsmail Alptekin, 14 Mayıs'ta ""ilk adım"" toplantısında ""emanet"" bir başka abiye teslim etti de genel başkanlık Recai Kutan'a devretti.","Kur başkanı İsmail Alptekin, 14 Mayıs'ta ""ilk adım"" toplantısında, emanet bir başka abiye teslim etmekte de genel başkanlık Recai Kutan'a devretti.",85.71,85.71,85.71,89.29,53.57,28.57
pop_1033,"Çevremizdeki yarım duvarlarda, 9 ağustos sabahını anlatan plaketler var.","Çevremizde yarım duvarlarda, 9 Ağustos sabahını anlatan plaketler var.","Çevremizdeki yarım duvarlarda, 9 Ağustos sabahını anlatan plaketler var.","Çevresindeki yarım duvarda, 9 Ağustos sabahını anlatan plaketler var.","Çevremizdeki yarım duvarlarda, 9 Ağustos sabahını anlatan plaketler var.","Çevremizdeki yarım duvarlarda, 9 Ağustos sabahını anlatan plaketler var.","Çevremizdeki yarım duvarlarda, 9 Ağustos sabahı anlatılan plaketler var.",81.82,90.91,72.73,90.91,90.91,72.73
ins_1037,Hem bir şeyler satmaya hem bir şeyler alıp gelmeye.,Hem bir şeyler satmaya hem bir şeyler almaya gelmiş.,Hem bir şeyler satmaya hem bir şeyler almaya geldi.,Hem bir şeyler satmaya hem bir şeyler alıp gelmeye.,"Hem bir şeyleri satmaya, hem bir şeyleri almaya gelmeye.",Hem bir şeyler sattı hem de bir şeyler aldı.,Hem bir şeyi satıp hem bir şeyi alıp geldi.,80.00,80.00,100.00,70.00,70.00,60.00
ins_1239,Ağaçların arasında şırıl şırıl akan güzel bir dere varmış.,Ağaçların arasında şırıl şırıl akan güzel bir dere varmış.,Ağaçların arasında şırıl şırıl akan güzel bir dere varmış.,Ağaçların arasında şırıl şırıl akan güzel bir dere varmış. ,Ağaçların arasında şırıl şırıl akan güzel bir dere varmış. ,Ağaçların arasında şırıl şırıl akan güzel bir dere vardı.,Ağaçların arasında şırıl şırıl akan güzel bir dere vardı.,100.00,100.00,100.00,100.00,90.00,90.00
bio_1401,"Ama on üç on dört yaşma geldiğimde, gene evdeki konuşmalardan, biliyordum bunların olduğunu.","Ama on üç on dört yaşlarına geldiğimde, gene evde konuşulanlardan, biliyordum bunların olduğunu.","Ama on üç on dört yaşlarıma geldiğimde, gene evdeki konuşmalardan, biliyordum bunların olduğunu.","Ama on üç on dört yaşına geldiğimde, gene evdeki konuşmalardan, biliyordum bunun olduğunu","Ama on üç on dört yaşıma geldiğinde, gene evdeki konuşmalardan, biliyordum bunların olduğunu.","Ama on üç on dört yaşına gelmişken, genel evlerden konuşan bu olayı biliyordum.","Ama on üç, on dört yaşına gelmişken, gene evdeki konuşmalardan, biliyordum bu olayı.",81.25,93.75,81.25,87.50,43.75,75.00
pop_1612,Soğanı yemeklik doğrayın.,Soğanları yemeklik doğrayın.,Soğanı yemeklik doğrayın.,Soğanı yemeğe doğrayın,Soğanı yemeklik doğra. ,Soğanı yemek için doğrayın.,Soğanı yemeklik doğrayın.,75.00,100.00,50.00,75.00,75.00,100.00
pop_1579,"Sonra, kendinizi anlatın birbirinize.","Sonra, kendinizi anlatın birbirlerinize.","Sonra, kendilerinizi anlatın birbirlerinize.","Sonra, kendinizi anlatın birbirlerinize","Sonra, kendilerini anlatsınlar birbirlerine  ","Sonra, kendi anlatın birbirinize.","Sonra, kendi hikayelerinizi birbirinize anlatın.",83.33,66.67,66.67,33.33,83.33,83.33
ess_624,"Ben yani nerdeyse bir Christian Scientist üyesi kadar ""düşkün"" addedilebilirim doktorlara.","Ben yani neredeyse bir Christian Scientist üyesi kadar ""düşkün"" addedilebilirim doktorlara.","Ben yani nerdeyse bir Christian Scientist üyesi kadar ""düşkün"" addedilebilirim doktorlara.",Ben yani nerdeyse bir Christian Scientist üyesi kadar düşkün addedilirim doktorlara.,"Ben yani nerdeyse bir Christian Scientist üyesi kadar ""düşkünü"" addedilirim doktorlara.","Ben yani neredeyse bir Christian Scientist üyesi kadar ""düşkün"" adedet doktorlara.","Ben yani neredeyse bir Christian Scientist üyesi kadar ""düşkün"" addedilebilirim doktorlara.",92.86,100.00,42.86,85.71,85.71,92.86
bio_390,Yarın işim çok.,Yarın işimiz çok.,Yarın işim çok.,Yarın işi çok.,Yarın işim çok.,Yarın işim çok.,Yarın işim çok.,75.00,100.00,75.00,100.00,100.00,100.00
bio_1657,"Osman Paşa diyor ki ""Ben planı yaparım, hedefleri gösterir tabur komutanına veririm o inisiyatifiyle istediği yere yürür""","Osman Paşa diyor ki ""Ben planı yaparım, hedefleri gösterir tabur komutanına veririm o inisiyatifiyle istediği yere yürür""","Osman Paşa der ki ""Ben plan yaparım, hedefleri gösteririm tabur komutanına veririm o inisiyatifiyle istediği yere yürür""","Osman Paşa diyor ki ""Ben planı yapar, hedefi gösterir tabur komutanına veririm o inisiyatifiyle istediği yere yürür""","Osman paşaya diyor ki ""Ben planı yaparım, hedefleri gösteririm tabur komutanına veririm o inisiyatifiyle istediği yere yürür""  ","Osman Paşa da, ""Ben planı yapıyorum, hedefleri gösteriyorum, tabur komutanına veriyorum, o inisiyatifle istediği yere yürüyor,"" dedi.","Osman Paşa dedi ki ""Ben plan yapıyorum, hedefleri gösteriyorum, tabur komutanına veriyorum, o inisiyatif istediği yerde yürütüyor.""",100.00,85.00,90.00,90.00,60.00,55.00
pop_795,Aşağı yukarı böyle bir şey; detayları atlamış olabilirim zira çok uzun yıllardır bu faaliyette bulunmuyorum.,Aşağı yukarı böyle bir şey; detaylarını atlamış olabilirim zira çok uzun yıllar bu faaliyette bulunmuyorum.,Aşağı yukarı böyle bir şey; detayları atlamış olabilirim zira çok uzun yıllardır bu faaliyette bulunmuyorum.,Aşağı yukarı böyle bir şey; detayları atlamış olabilirim zira çok uzun yıllardır bu faaliyette bulunmmuyorum.,Aşağı yukarı böyle bir şey; detayları atlamış olabilirim zira çok uzun yıllar bu faaliyette bulunmadım. ,Aşağı yukarı böyle bir şey; detayları atladı olurum zira çok uzun yıllar bu faaliyette bulunmam.,Aşağı yukarı böyle bir şey; detayları atladım olabilirim zira çok uzun yıllar bu faaliyette bulunmadım.,88.24,100.00,94.12,88.24,76.47,82.35
pop_847,"Puşkin'in satırlarına yansıyan Erzurum, 150 yıl sonra da aynı karakteristik özelliklerini koruyordu.","Puşkin'in satırlarına yansıyan Erzurum, 150 yıl sonra da aynı karakteristik özelliklerini koruyordu.","Puşkin'in satırlarına yansıyan Erzurum, 150 yıl sonra da aynı karakteristik özelliklerini koruyordu.","Puşkin'in satırlarına yansıyan Erzurum, 150 yıl sonra da aynı karakteristik özelliklerini koruyordu.","Puşkin'in satırlarına yansıyan Erzurum, 150 yıl sonra da aynı karakteristik özellliklerini koruyordu.  ","Puşkin'in satırlarına yansıyan Erzurum, 150 yıl sonra da aynı karakteristik özellikleri korudu.","Puşkin'in satırlarına yansıyan Erzurum, 150 yıl sonra da aynı karakteristik özellikleri korudu.",100.00,100.00,100.00,92.86,85.71,85.71
pop_1193,"Bir de, sadece buraya özel dedikleri bir içki ikram ettiler.","Bir de, sadece buraya özel dedikleri bir içiki ikram ettiler.","Bir de, sadece buraya özel dedikleri bir içki ikram ettiler.","Bir de, sadece buraya özel dediği bir içki ikram etti.","Bir de, sadece buraya özel de","Bir de, sadece buraya özelde bir içki ikram ettiler.","Bir de, sadece buraya özeldeğil bir içki ikram ettiler.",91.67,100.00,83.33,25.00,83.33,83.33
pop_802,Ne yapacakları önceden pek kestirilemez.,Ne yapacakları önceden pek kestirilmez.,Ne yapacakları önceden pek kestirilemez.,Ne yapacağı önceden pek kestirilmez.,Ne yapacakları önceden pek kestirilemiyor. ,Ne yapacaklarından önce pek kesilmez.,Ne yapacaklarından önce pek kesilmez.,83.33,100.00,66.67,83.33,50.00,50.00
news_1295,"Dünyanın hiçbir yerinde kayıt dışı 0 değildir.""","Dünyanın hiçbir yerinde kayıt dışı 0 değil.""","Dünya'nın hiçbir yerde kayıt dışı 0 değil.""",Dünyanın hiçbir yerinde kayıt dışı 0 değil.,Dünya'nın hiçbir yerinde kayıt dışı 0 değil.,Dünyanın hiçbir yerinde kayıt dışı değil.,Dünyanın hiçbir yerinde kayıt dışı değil.,88.89,66.67,77.78,66.67,44.44,44.44
bio_889,Sirenlerini açtılar ve anons etmeye devam ettiler.,Sirenlerini açtılar ve anons etmeye devam ettiler.,Sirenlerini açtılar ve anons etmeye devam ettiler.,Sirenleri açmışlar ve anons etmeye devam etmişler.,Sirenleri açtılar ve anons etmeye devam ettiler.,Sirenleri açtılar ve anonsu devam ettirdiler.,Sirenleri açtılar ve anonsa devam ettiler.,100.00,100.00,62.50,87.50,50.00,62.50
ins_414,Gülerken düşündürür.,Güldürürken düşündürür.,Güldürürken düşündürür.,Gülüp düşündür.,Gülerken düşündür.,Güldürsün düşünsün.,Gülüyor düşündürüyor.,66.67,66.67,33.33,66.67,33.33,33.33
news_1115,Mahkemede büyük bir olasılıkla yürütmeyi durdurma kararı alacak.,Mahkemede büyük bir olasılıkla yürütmeyi durdurma kararı alınacak.,Mahkemede büyük bir olasılıkla yürütmeyi durdurma kararı alınacak.,Mahkemede büyük bir olasılıkla yürütmeyi durdurma kararı alacak.,Mahkemede büyük bir olasılıkla yürütmeyi durdurma kararı alacak. ,Mahkemede büyük bir olasılıkla yürütülen duruşmaya karar alacak.,Mahkemede büyük bir olasılıkla yürütmeyi durdurma kararı alacak.,88.89,88.89,100.00,100.00,66.67,100.00
pop_1585,* Açıklanamayan vajinal kanama durumunda.,* Açıklanamayan vajinal kanama durumunda.,*Açıklanamayan vajinal kanama durumunda.,* açıklanmayan vajinal kanama durumunda.,* açıklanamayan vajinal kanama durumunda.,*Açıklanmayan vajinal kanamanın durumunda.,*Açıklanmayan vajinal kanama durumunda.,100.00,100.00,83.33,83.33,66.67,83.33
bio_265,"Ahmet Hamdi Tanpınar, Beş Şehir adlı başyapıtında Konya'yı dile getirirken, 699 yılının o müthiş günlerinden de söz açar.","Ahmet Hamdi Tanpınar, beş şehir adlı başyapıtında Konya'yı dile getirirken, 699 yılının o müthiş günlerinden de söz açar.","Ahmet Hamdi Tanpınar, beş şehir adlı başyapıtında Konya'yı dile getirirken, 699 yılının o müthiş günlerinden de söz açar.","Ahmet Hamdi Tanpınar, Beş Şehir adlı başyapıtında Konya'yı dile getirip, 699 yılının o müthiş gününden de söz açar.","Ahmet Hamdi Tanpınar, Beş Şehir adlı başyapıtında Konya'yı dile getirirken, 699 yılının o müthiş günlerinden de söz açar.","Ahmet Hamdi Tanpınar, beş şehir adını başyapıtına Konya'ya getirdiği, 699 yılının o müthiş gününden de söz açtı.","Ahmet Hamdi Tanpınar, Beş Şehir adlı başyapıtında Konya'ya dil getirdi, 699 yıl önceki o müthiş günden de söz açtı.",90.48,90.48,90.48,100.00,57.14,71.43
pop_63,"Ankara, Mustabey, Çengel, Kumla, Bey olmak üzere birçok çeşidi vardır.","Ankara, Mustafabey, Çengelköy, Kumköy, Beyoğlu olmak üzere birçok çeşidi vardır.","Ankara, Mustafabey, Çengelköy, Kumköy, Beylerbeyi olmak üzere birçok çeşidi vardır.","Ankara, Mustabey, Çengel, kumla, bey olmak üzere birçok çeşidi vardır.","Ankara, Mustabey, çengel, kum, bey olmak üzere birçok çeşidi vardır. ","Ankara, Mustabey, Çengel, kum ve bey olmak üzere birçok çeşidi var.","Ankara, Mustabey, Çengel, Kum bey olup üzere birçok çeşidi var.",73.33,73.33,86.67,80.00,73.33,73.33
ess_75,"O halde, insanın her bekleyişini ve her mühlet verişini sabır olarak değerlendirmenin mümkün olmadığı anlaşılıyor.","O hâlde, insanın her beklediği ve her mühlet verdiğini sabır olarak değerlendirmenin mümkün olmadığı anlaşılıyor.","O hâlde, insanın her beklediğini ve her mühlet verdiğini sabır olarak değerlendirmenin mümkün olduğu anlaşılır.","O hal, insanın her bekleyişini ve her mühlet verişini, sabır olarak değerlendirmenin mümkün olmadığı anlaşılıyor. ","O hâlde, insanın her bekleyişini ve her mühleti verişini sabır olarak değerlendirmenin mümkün olmadığı anlaşılıyor.","O hâlde, insanın her beklediği ve her verdiği mühlet, sabırla değerlendirilmemiş olabilir anlaşılıyor.","O halde, insanın her bekleme ve her mühlet verme sabrı değerlendirilmesi mümkün olmamıştır.",82.35,70.59,94.12,88.24,47.06,35.29
ess_1514,"Kimsenin saçı dökülmezse, o ürünü kullanmaya ne hacet!",Kimsenin saçı dökülmezse o ürünü kullanmaya ne hacet!,"Kimsenin saçı dökülmezse, o ürünü kullanmaya ne hacet!","Kimsenin saçı dökülmezse, o ürünü kullanmaya ne hacet!","Kimsenin saçı, dökülmezse,  o ürünü kullanmaya ne hacet! ",Kimse saçı dökülmeyen o ürünü kullanan ne hacet!,"Kimse saçı dökülmezse, o ürünü kullanmane hacet ne!",90.00,100.00,100.00,100.00,60.00,80.00
news_81,Ancak bunu Türkiye'nin üyeliğini engelleyecek bir unsur olarak görmüyorum.,Ancak bunu Türkiye'nin üyeliğini engelleyecek bir unsur olarak görmez.,Ancak bunu Türkiye'nin üyeliğini engelleyecek bir unsur olarak görmüyorum.,Ancak bunu Türkiye'nin üyesi engelleyecek bir unsur olarak görmüyor.,Ancak bunu Türkiye'nin üyeliğini engelleyecek bir unsur olarak görmüyor. ,Ancak bu Türkiye'nin üyesini engelleyecek bir unsur olmuyorum.,Ancak bu Türkiye'nin üyeliğini engelleyecek bir unsur olmuyor.,90.00,100.00,80.00,90.00,60.00,70.00
ess_539,"Çocuğunuz, oturacak bir okul sırasına sahip olamayabilir...","Çocuklarınız, oturacak bir okul sırasına sahip olamayabilir.","Çocuklarınız, oturulacak bir okul sırasına sahip olamayabilir...","Çocuğu, oturacak bir okul sırasına sahip olamayabilir.","Çocukların, oturacağı bir okul sırasına sahip olamayabilir...","Çocuk, gelecekte bir okul sırasına sahip olamayacak...","Çocuk, oturacağı okulun sırasına sahip olamıyor...",77.78,77.78,77.78,77.78,66.67,44.44
ins_1938,"yıl arifesinde, tüketiciler arasında ilk akla gelen markanın Çiko olmadığı, daha yeni şekerlerin tercih edildiğini gösterir.","Yıl arifesinde, tüketilenler arasında ilk akla gelen markanın Çiko olmadığı, daha yeni şekerlerin tercih edildiğini gösterir.","Yıl arifesinde, tüketiciler arasında ilk akla gelen markanın Çiko olmaması, daha yeni şekerlerin tercih edildiğini gösterir.","Yıl arifesinde, tüketiciler arasında ilk akla gelen markanın Çiko olmaması, daha yeni şekerlerin tercih edildiğini gösterir","Yıl arifesinde, tüketiciler arasında ilk akla gelen markanın Çiko'yu olmadığı, daha yeni şekerlerin tercih edildiğini gösterir.","Yıl Arifesi'nde, tüketicilerin aklına ilk gelen marka Çiko olmamış, daha yeni Şekerler tercih edilmiş gösteriyor.","Yıl Arife'sinde, tüketiciler arasında ilk akla gelen marka Çiko olmamış, daha yeni şeker tercih edilmiş gösteriyor.",89.47,89.47,84.21,89.47,47.37,63.16
pop_62,"""İstanbul aslında deprem kuşağının tam göbeğindeymiş.","""İstanbul aslında deprem kuşağının tam göbeğindeymiş.","""İstanbul aslında deprem kuşağının tam göbeğindeymiş.",İstanbul aslında deprem kuşağının tam göbeğindeymiş.,"""İstanbul aslında deprem kuşağının tam göbeğindeymiş. """,İstanbul aslında deprem kuşağının tam göbeğindeydi.,"""İstanbul aslında deprem kuşağının tam göbeğindeydi.""",100.00,100.00,87.50,100.00,75.00,87.50
bio_1386,Mücadelem süresince coşkum bu korkuma eşlik etti.,Mücadelem süresince coşkum bu korkuma eşlik etti.,Mücadelem süresince coşkum bu korkuma eşlik etti.,Mücadelesi süre coşkusu bu korkusuna eşlik etti.,Mücadelem süresi coşkum bu korkuma eşlik etti.,Mücadelem süresince coşkum bu korkuya eşleşti.,Mücadelem süresince coşkum bu korkuya eşlik etti.,100.00,100.00,50.00,87.50,62.50,87.50
bio_562,Müzikte neler olup bitiyor? Almanya'yı bilmek kolay...,Müzikte ne olup bitiyor? Almanya'yı bilmek kolay...,Müzikte neler olup biter? Almanya'yı bilmek kolay...,Müzikte ne olup bitiyor ? Almanya'yı bilince kolay...,Müzikte neler olup bitiyor? Almanya'yı bilmek kolay.,Müzikte ne oluyor? Almanya'yı biliyor kolay...,Müzikte ne oluyor? Almanya'yı bilmek kolay...,88.89,88.89,77.78,88.89,55.56,66.67
bio_1990,Bizim Şefik dert dağıtım merkezi sanki.,Bizim Şefik dert dağıtım merkezi sanki.,Bizim Şefik dert dağıtım merkezi sanki.,Bizim Şefik dert dağıtım merkezi sanki.,Bizlerin Şefik dert dağıtım merkezi sanki.,Bizim Şefik'in dert dağıtım merkeziymiş.,Bizim Şefik dert dağıtım merkezi sanki.,100.00,100.00,100.00,85.71,57.14,100.00
ins_808,1. Yakın çevremizde hangi sağlık kurumları var?,1. yakın çevremizde hangi sağlık kurumları var?,1. yakın çevremizde hangi sağlık kurumları var?,1. yakın çevresinde hangi sağlık kurumları var ?,1. Yakın çevrelerimde hangi sağlık kurumları var ?,1 yakın çevremizde hangi sağlık kurumları var?,1. yakın çevremizdeki hangi sağlık kurumları var?,87.50,87.50,75.00,87.50,75.00,75.00
news_1406,Dönerken de soruyorsunuz...,Dönüp de soruyorsunuz,Dönerse de sor...,Dönerken de soruyor.,Dönerken de sorun.,Dönerken de sorun...,Dönüyor de sorun.,50.00,50.00,50.00,50.00,75.00,25.00
bio_307,Ben ortaokula başlamadan bir yıl önce okulun müdürü bir öğrenci tarafından tabancayla vurularak öldürülmüştü.,Ben ortaokula başladığımdan bir yıl önce okulun müdürü bir öğrenci tarafından tabancayla vurularak öldürülmüş.,Ben ortaokula başlamadan bir yıl önce okulun müdürü bir öğrenci tarafından tabancayla vurularak öldürülmüştü.,Ben ortaokula başlamadan bir yıl önce okulun müdürü bir öğrenci tarafından tabancayla vurulup öldürüldü.,Ben ortaokula başlamadan bir yıl önce okulun müdürü bir öğrenci tarafından tabancayla vurulup ölmüştü.,Ben ortaokula başlamadan bir yıl önce okul müdürü bir öğrenci tarafından tabancayla vurularak öldü.,Ben ortaokula başlamadan bir yıl önce okul müdürü bir öğrenci tarafından tabancayla vurularak öldü.,86.67,100.00,86.67,86.67,86.67,86.67
ins_920,Ben de bu erdemin yüksek bir derecesine sahibim.,Ben de bu erdemin yüksek bir derecesine sahibim.,Ben de bu erdemin yüksek bir derecesine sahibim.,Ben de bu erdemin yüksek bir derecesine sahibim.,Ben de bu erdemin yüksek bir derecesine sahibim.,Bende bu erdemin yüksek bir derecesine sahipim.,Bende bu erdemin yüksek bir derecesine sahip.,100.00,100.00,100.00,100.00,66.67,66.67
ess_329,"Birkaç yıldır, Kürt, Kıbrıs, Ermeni ve diğer azınlık sorunlarının, AB'ye girişin, İslamcı kökenli bir partinin iktidara gelişinin etkisiyle ve bunlara tepki olarak, milliyetçilik yükselmeye başladı.","Birkaç yıldır, Kürt, Kıbrıs, Ermeni ve diğer azınlık sorunlarının, AB'ye girmenin, İslamcı kökenli bir partinin iktidara gelmesinin etkisi ve bunlara tepki olarak, milliyetçilik yükselmeye baladı.","Birkaç yıldır, Kürt, Kıbrıs, Ermeni ve diğer azınlık sorunlarının, AB'ye girmenin, İslamcı kökenli bir partinin iktidara gelmesinin etkisiyle ve bunlara tepki olarak, milliyetçilik yükselmeye başladı.","Birkaç yıldır, Kürt, Kıbrıs, Ermeni ve diğer azınlık sorunlarının, AB'ye girmenin, İslam kökenli bir partinin iktidara gelmesinin etkisiyle ve buna tepki olarak, milliyetçilik yükselmeye başlamıştı. ","Birkaç yıldır, Kürt, Kıbrıs, Ermeni ve diğer azınlık sorunlarının, AB'ye girmenin, islamcı kökenli bir partinin iktidara gelmesinin etkisiyle ve bunlara tepki olarak, milliyetçilik yükselmeye başladı. ","Birkaç yıldır, Kürt, Kıbrıs, Ermeni ve diğer azınlık sorunları, AB'ye giriş, İslam kökenli bir partinin iktidara gelmesi, etki ve bu tepkilere, milliyetçiliğin yükselişiyle başladı.","Birkaç yıldır, Kürt, Kıbrıs, Ermeni ve diğer azınlık sorunları, AB'ye giriş, İslamcı kökenli bir partinin iktidara gelmesi, etki ve bu tepkilerle, milliyetçiliğin yükselişi başladı.",87.50,93.75,84.38,90.62,68.75,71.88
ess_1832,"Önlüğü bile özel dikilmiş, çünkü onun boyuna göre önlük yok.","Önü bile özel dikilmiş, çünkü onun boyuna göre ön yok.","Önlüğü bile özel dikilmiş, çünkü onun boyuna göre önlük yok.","Önü bile özel dikilmiş, çünkü onun boyuna göre ön yok.","Önlüğü bile özel dikiliyor, çünkü onun boyuna göre önlük yok.","Önü bile özel dikilmişti, çünkü onun boyuna göre yoktu.","Önlük bile özel dikilmişti, çünkü onun boyuna göre önlük yoktu.",83.33,100.00,83.33,91.67,66.67,75.00
ess_825,Ölümle şakalaşabildiğimiz zaman parçası.,Ölümle şakalaşabildiğimiz zaman parçaları.,Ölümle şakalaşabildiğim zaman parçası.,Ölümle şakalaşabildiği zaman parçası.,Ölümle şakalaşabildiğimiz zaman parçası.,Ölümle şakalaşmış zamanın parçası.,Ölümle şakalaşmış zamanın parçası.,80.00,80.00,80.00,100.00,60.00,60.00
news_697,Muhalefet partisi lideri bu savcının yaptığını 'sivil darbe' olarak niteledi.,Muhalefet partisi lideri bu savcının yaptığını 'sivil darbe' olarak nitelendirdi.,Muhalefet partisi lideri bu savcının yaptığını 'sivil darbe' olarak nitelendirdi.,Muhalefet partisi lideri bu savcının yaptığını  'sivil darbe' olarak niteledi.  ,Muhalefet partisi lideri bu savcının yaptığını 'sivil darbe' olarak niteledi. ,Muhalefet partisinin lideri bu savcının yaptığı 'sivil darbe'yi nitelendirdi.,"Muhalefet partisinin lideri, bu savcının yaptığı 'sivil darbe' olmuş nitelendi.",91.67,91.67,100.00,100.00,25.00,66.67
news_631,"Sürenin uzunluğu, önce toplantının tartışmalı geçtiği izlenimi doğurdu.","Sürenin uzunluğu, önce toplantının tartışmalı geçtiği izlenimini doğurdu.","Sürenin uzunluğu, önce toplantının tartışmalı geçtiği izlenimini doğurmuştu.","Sürenin uzunluğu, önce toplantının tartışmayla geçtiği izlenimini doğurdu.","Sürenin uzunluğu, önce toplantının tartışmalı geçtiği izlenimini doğururdu.","Sürenin uzunluğu, önce toplantının tartışılan geç izlenimler doğurdu.","Sürenin uzunluğu, önce toplantının tartışmalı geçen izlenimlerini doğurdu.",90.00,80.00,80.00,80.00,70.00,80.00
news_1690,"Bulak, Avrupa Şampiyonu gibi teknik ve fizik özellikleri birleştirmek istediklerini söyledi.","Bulak, Avrupa şampiyonu gibi teknik ve fiziki özelliklerini birleştirmek istediğini söyledi.","Bulak, Avrupa şampiyonu gibi teknik ve fiziki özelliklerini birleştirmek istediğini söyledi.","Bulak, Avrupa şampiyonu gibi teknik ve fiziksel özellikleri birleştirmek istediğini söyledi. ","Bulak, Avrupa şampiyonu gibi teknik ve fizik özellikleri birleştirmek istediklerini söyledi. ","Bulak, Avrupa şampiyonu gibi teknik ve fizik özellikleri birleştiren istemiş söyledi.","Bulak, Avrupa şampiyonu gibi teknik ve fizik özellikleri birleştiren istemiş söyledi.",69.23,69.23,76.92,92.31,76.92,76.92
ins_636,"Anadolu Selçukluları devrinden Osmanlıların son yıllarına kadar bir esnaf ve sanatkâr örgütü olarak bilinen ahiliğin her köyde, her kasabada ve şehirde, ocakları, odaları ve tekkeleri vardı.","Anadolu Selçukluları devrinden Osmanlıların son yıllarına kadar bir esnaf ve sanatkâr örgütü olarak bilinen Ahilerin her köy, her kasabada ve şehirde, ocakları, odaları ve tekkeleri vardı.","Anadolu Selçukluları devrinden Osmanlıların son yıllarına kadar bir esnaf ve sanatkâr örgütü olarak bilinen Ahilerin her köy, her kasabada ve şehirde, ocakları, odaları ve tekkeleri vardı.","Anadolu Selçuklu devrinden Osmanlı'nın son yıllarına kadar bir esnaf ve sanatkar örgütü olduğu bilinen ahinin her köyde, her kasabada ve şehirde, ocakları, oda ve tekkeleri vardı.","Anadolu Selçükluları devrinden Osmanlılar'ın son yıllarına kadar bir esnaf ve sanatkâr örgütü olarak bilinen ahinin her köyde, her kasabada ve şehirde, ocakları, odaları ve tekkeleri vardı. ","Anadolu Selçuklu devrinden Osmanlı'nın son yıllarına kadar bir esnaf ve sanatkâr örgütü olmuş olan Ahi'nin her köyde, her kasabada ve şehirde ocakları, odaları ve tekkesi vardı.","Anadolu Selçuklu devrinden Osmanlı'nın son yıllarına kadar bir esnaf ve sanatkâr örgütü olabilmektedir ki, ahi her köyde, her kasabada ve her şehirde ocaklar, odalar ve tekkeler vardı.",93.33,93.33,80.00,90.00,76.67,70.00
ins_274,- Aynı olay Amerika'da da olmuş.,- Aynı olay Amerika'da da olmuş.,- Aynı olay Amerika'da da olmuş.,- Aynı olay Amerika'da da olmuştu.,- Aynı olay Amerika'da da olmuştu. ,-Aynı olay Amerika'da da oldu.,-Aynı olay Amerika'da da oldu.,100.00,100.00,85.71,85.71,57.14,57.14
ess_1924,"'Yalnız, neden yaşamak ıstırap verici bir şey?","Yalnız, neden yaşamak ıstırap verici bir şey?","Yalnız, neden yaşamak ıstırap verici bir şey?","Yalnız, neden yaşamak ıstırap verici bir şey ?"," Yalnız, neden yaşamak ıstırap verici bir şey ?","Yalnız, neden yaşa ıstırap verici bir şey?","'Yalnız, neden yaşa ıstırap verici bir şey?'",90.00,90.00,90.00,90.00,80.00,90.00
news_1043,Kapatma kararı alınmaması sonrası AKP'lilerin sevinçleri TBMM Genel Kurul salonuna da yansıdı.,Kapatma kararı alınmaması sonrası AKP'lilerin sevinçleri TBMM Genel Kurul salonuna da yansıdı.,Kapatma kararı alınmaması sonrası AKP'lilerin sevinçleri TBMM Genel Kurul salonuna da yansıdı.,Kapatma kararı alınmaması sonrası AKP'lilerin sevinçleri TBMM genel kurul salonuna da yansımıştı. ,Kapatma kararı alınmaması sonrası AKP'lilerin sevinçleri TBMM genel kurul salonuna da yansıdı. ,Kapatma kararı alınmadan sonra AKP'nin sevinci TBMM genel kurul salonunda da yansıdı.,Kapatma kararı alınmadan sonra AKP'nin sevinçleri TBMM genel kurul salonunda da yansıdı.,100.00,100.00,76.92,84.62,46.15,53.85
news_291,"""Kıbrıs çözülürse Türkiye'ye tarih verilmesine kimse itiraz edemeyecek"" görüşünü dile getiren Papandreu, ""Türkiye için çarpışıyoruz, ama Almanya'nın ne yapacağı önemli"" dedi.","""Kıbrıs çözerse Türkiye'ye tarih verilmesine kimse itiraz etmeyecek"" görüşünü dile getiren Papendreu, ""Türkiye için çarpışırız, ama Almanya'nın ne yapacağı önemli"" dedi.","""Kıbrıs çözerse Türkiye'ye tarih verilmesine kimse itiraz etmeyecek"" görüşünü dile getiren Papendreu, ""Türkiye için çarpışırız, ama Almanya'nın ne yapacağı önemli"" dedi.","""Kıbrıs çözülürse Türkiye'ye tarih verilmesine kimse itiraz etmeyecek "" görüşünü dile getiren Papandreu, ""Türkiye için çarpışıyoruz , ama Almanya'nın ne yapacağı önemli"" dedi.","""Kıbrıs çözülürse, Türkiye'ye tarih verilmesine kimse itiraz etmeyecek"" görüşünü dile getiren Papandreu,  ""Türkiye için çarpışıyoruz, ama Almanya'nın neyi yapacağı önemli"" dedi.","Kıbrıs çözülse Türkiye'ye tarih veren kimse itiraz etmeyecektir ""görüşü"" dil getiren Papandreu, ""Türkiye için çarpışıyoruz,"" ama Almanya'nın ne yapacağı önemli dedi.","""Kıbrıs çözülse Türkiye'ye tarih veren kimse itiraz etmeyecektir,"" görüşü dile getiren Papandreu, ""Türkiye için çarpışırız, ama Almanya'nın ne yapacağı önemlidir de.""",85.71,85.71,96.43,92.86,75.00,71.43
bio_1666,"Oysa 1961'in sonbaharında, yani 1961 Ekiminde Orta Doğu Teknik Üniversitesi bütün bu gereçlerden yoksun bulunmakta idi.","Oysa 1961 sonbaharında, yani 1961 ekiminde Orta Doğu Teknik Üniversitesi bütün bu gereçlerden yoksun bulunmaktaydı.","Oysa 1961 sonbaharında, yani 1961 ekiminde Orta Doğu Teknik Üniversitesi bütün bu gereçlerden yoksun bulunmaktaydı.","Oysa 1961'in sonbaharında, yani 1961 Ekimi'nde Orta Doğru Teknik Üniversitesi bütün bu gereçten yoksun bulunmaktaydı. ","Oysa, 1961'in sonbaharında, yani 1961 Ekim'inde Orta Doğu Teknik Üniversitesi bütün bu gereçlerden yoksun bulunmaktaydı.","Oysa 1961 sonbaharında, yani 1961 Ekim'inde, Orta Doğu Teknik Üniversite bütün bu gereçlerden yoksun bulunuyordu.","Oysa 1961 sonbaharında, yani 1961 Ekim'inde, Orta Doğu Teknik Üniversitesi bütün bu gereçlerden yoksun bulundu.",77.78,77.78,72.22,83.33,72.22,77.78
ins_1892,Bunlar o zamana göre (Hitler'in sınıra dayandığı 1940'lı savaş yılları) büyük lükstü.,Bunlar o zamana göre (Hitler'in sınıra dayandığı 1940'lı savaş yılları) büyük lükstü.,Bunlar o zamana göre (Hitler'in sınıra dayandığı 1940'lı savaş yılları) büyük lükstü.,Bu o zamana göre ( Hitler'in sınıra dayandığı 1940'lı savaş yılları ) büyük lüks. ,Bunlar o zamana göre (Hitler'in sınıra dayandığı 1940'lı savaş yılları) büyük lükstü. ,Bu o zamana göre (Hitler'in sınırına dayanan 1940 savaş yılları) büyük lüks.,Bu o zamana göre (Hitler'in sınırına dayanan 1940'lı savaş yılları) büyük lüksüydü.,100.00,100.00,86.67,100.00,66.67,73.33
