ins_833	# sent_id = ins_833 || # text = 1936 yılında. || 1	1936	1936	NUM	Year	Case=Nom|Number=Sing|Person=3	2	nmod:poss	_	_ || 2-3	yılında	_	_	_	_	_	_	_	SpaceAfter=No || 2	yıl	yıl	NOUN	_	Case=Loc|Number=Sing|Number[psor]=Sing|Person=3|Person[psor]=3	0	root	_	_ || 3	nda	null	AUX	Zero	Number=Plur|Person=1|Polarity=Pos|Tense=Pres	2	cop	_	_ || 4	.	.	PUNCT	Stop	_	2	punct	_	SpacesAfter=\n	1936 yılındayız.
bio_1265	# sent_id = bio_1265 || # text = Adeta kendi geçmiş bir hâldeyim. || 1	Adeta	adeta	ADV	_	_	2	advmod	_	_ || 2	kendi	kendi	PRON	Reflex	Case=Abl|Number=Sing|Number[psor]=Sing|Person=1|Person[psor]=1	5	acl	_	_ || 3	geçmiş	geç	VERB	Ptcp	Aspect=Perf|Polarity=Pos|Tense=Past|VerbForm=Part	2	compound	_	_ || 4	bir	bir	DET	Indef	_	5	det	_	_ || 5	hâldeyim	hâl	NOUN	_	Case=Loc|Number=Sing|Person=1	0	root	_	_ || 6	null	null	AUX	Zero	Number=Sing|Person=1|Polarity=Pos|Tense=Pres	5	cop	_	_ || 7	.	.	PUNCT	Stop	_	5	punct	_	SpacesAfter=\n	Adeta kendimden geçmiş bir haldeyim.
ins_1281	# sent_id = ins_1281 || # text = Nasıl derler, uğraş sanatının kendine emanet ol söyle Üstad var y. || 1	Nasıl	nasıl	ADV	_	_	3	advmod	_	_ || 2-3	derler	_	_	_	_	_	_	_	SpaceAfter=No || 2	der	VERB	_	Case=Dat|Number=Sing|Person=3	3	advcl	_	_ || 3	uğraş	uğraş	VERB	Ptcp	Aspect=Perf|Case=Nom|Number=Sing|Number[psor]=Sing|Person=3|Person[psor]=3|Polarity=Pos|Tense=Past|VerbForm=Part	12	nsubj	_	_ || 4	de	de	VERB	_	Mood=Imp|Number=Sing|Person=3|Polarity=Pos	3	compound:redup	_	_ || 5	sanat	sanat	NOUN	_	Case=Gen|Number=Sing|Person=3	8	nsubj	_	_ || 6	kendi	kendi	PRON	Reflex	Case=Dat|Number=Sing|Number[psor]=Sing|Person=3|Person[psor]=3	8	obl	_	_ || 7	emanet	emanet	NOUN	_	Case=Nom|Number=Sing|Person=3	8	obj	_	_ || 8	ol	ol	VERB	Ptcp	Aspect=Perf|Case=Acc|Number=Sing|Number[psor]=Sing|Person=3|Person[psor]=3|Polarity=Pos|Tense=Past|VerbForm=Part	9	ccomp	_	_ || 9	söyle	söyle	VERB	Ptcp	Polarity=Pos|Tense=Pres|VerbForm=Part	11	acl	_	_ || 10	Üstad	üstad	NOUN	_	Case=Acc|Number=Plur|Person=3	11	nsubj	_	_ || 11	var	var	NOUN	Exist	Case=Nom|Number=Sing|Person=3	12	nsubj	_	_ || 12-13	y	_	_	_	_	_	_	_	SpaceAfter=No || 12	y	y	AUX	Zero	Aspect=Perf|Evident=Fh|Number=Sing|Person=3|Tense=Past	0	root	_	_ || 13	.	.	PUNCT	Stop	_	12	punct	_	SpacesAfter=\n	O nasıl derse desin uğraştığı sanatın kendisine emanet olduğunu söyleyen üstadları vardı.
pop_1958	# sent_id = pop_1958 || # text = Ahmed Rasim, Büyükada'ya git birkaç gün kalıp tasarlaydı. || 1	Ahmed	Ahmed	PROPN	_	Case=Nom|Number=Sing|Person=3	9	nsubj	_	_ || 2-3	Rasim,	_	_	_	_	_	_	_	SpaceAfter=No || 2	Rasim	Rasim	PROPN	_	Case=Nom|Number=Sing|Person=3	1	flat	_	_ || 3	,	,	PUNCT	Comma	_	9	punct	_	_ || 4	Büyükada	Büyükada	PROPN	Place	Case=Dat|Number=Sing|Person=3	5	obl	_	_ || 5	git	git	VERB	Conv	Polarity=Pos|VerbForm=Conv	8	advcl	_	_ || 6	birkaç	birkaç	DET	Det	_	7	det	_	_ || 7	gün	gün	NOUN	_	Case=Nom|Number=Sing|Person=3	8	obl:tmod	_	_ || 8	kalıp	kalıp	VERB	Vnoun	Case=Acc|Number=Sing|Person=3|Polarity=Pos|VerbForm=Vnoun	9	xcomp	_	_ || 9	tasarlaydı	tasarla	VERB	Past	Aspect=Perf|Polarity=Pos|Person=3|VerbForm=Fin	0	root	_	_ || 10	y	y	AUX	Zero	Evident=Fh|Number=Sing|Person=3|Tense=Past	9	cop	_	_ || 11	.	.	PUNCT	Stop	_	9	punct	_	SpacesAfter=\n	Ahmed Rasim, Büyükada'ya gidip birkaç gün kalmayı tasarlamıştı.
ins_1267	# sent_id = ins_1267 || # text = Rüzgâr yine güçlü esti. || 1	Rüzgâr	Rüzgâr	NOUN	_	Case=Nom|Number=Sing|Person=3	4	nsubj	_	_ || 2	yine	yine	ADV	_	_	4	advmod	_	_ || 3	güçlü	güçlü	ADV	_	_	4	advmod	_	DerivedFrom=güç || 4-5	esti	_	_	_	_	_	_	_	SpaceAfter=No || 4	est	etmek	VERB	Ptcp	Aspect=Imp|Polarity=Pos|VerbForm=Part	0	root	_	_ || 5	y	yapmak	AUX	Zero	Aspect=Perf|Evident=Fh|Number=Sing|Person=3|Tense=Past	4	cop	_	_ || 6	.	.	PUNCT	Stop	_	4	punct	_	SpacesAfter=\n	Rüzgâr yine güçlü esiyordu.
news_1025	# sent_id = news_1025 || # text = Öte yan sarı lacivertli, yarın Samandıra tesisinde Türk Telekom lig takımı Kocaelispor saat 19.30'da bir hazırlık maçı yap. || 1	Öte	öte	NOUN	_	Case=Nom|Number=Sing|Person=3	3	obl	_	_ || 2	yangı	yangı	NOUN	_	Case=Abl|Number=Sing|Person=3	1	compound	_	_ || 3	sarı	sarı	ADJ	Adj	_	21	nsubj	_	SpaceAfter=No || 4	-	-	PUNCT	Punc	_	5	punct	_	SpaceAfter=No || 5	lacivertli	lacivertli	NOUN	_	Case=Nom|Number=Plur|Person=3	3	flat	_	DerivedFrom=lacivert|SpaceAfter=No || 6	,	,	PUNCT	Comma	_	21	punct	_	_ || 7	yarın	yarın	NOUN	_	Case=Nom|Number=Sing|Person=3	21	obl:tmod	_	_ || 8	Samandıra	Samandıra	PROPN	Place	Case=Nom|Number=Sing|Person=3	9	nmod:poss	_	_ || 9	tesis	tesis	NOUN	_	Case=Loc|Number=Plur|Number[psor]=Sing|Person=3|Person[psor]=3	21	obl	_	_ || 10	Türk	Türk	NOUN	_	Case=Nom|Number=Sing|Person=3	14	nmod:poss	_	_ || 11	Telekom	Telekom	PROPN	_	Case=Nom|Number=Sing|Person=3	10	flat	_	_ || 12	lig	lig	PROPN	_	Case=Nom|Number=Sing|Person=3	10	flat	_	_ || 13	A	A	PROPN	_	Case=Nom|Number=Sing|Person=3	10	flat	_	_ || 14	takımı	takım	NOUN	_	Case=Abl|Number=Plur|Number[psor]=Sing|Person=3|Person[psor]=3	15	obl	_	_ || 15	Kocaelispor	Kocaelispor	PROPN	Inst	Case=Ins|Number=Sing|Person=3	21	obl	_	_ || 16	saat	saat	NOUN	_	Case=Nom|Number=Sing|Person=3	21	obl	_	_ || 17	19.30	19.30	NOUN	_	Case=Loc|Number=Sing|Person=3	16	obl:tmod	_	_ || 18	bir	bir	DET	Indef	_	20	det	_	_ || 19	hazırlık	hazırlık	NOUN	_	Case=Nom|Number=Sing|Person=3	20	nmod:poss	_	DerivedFrom=hazır || 20	maçı	maç	NOUN	_	Case=Acc|Number=Sing|Person=3	21	obj	_	_ || 21	yap	yap	VERB	_	Aspect=Prosp|Number=Sing|Person=3|Polarity=Pos|Tense=Fut	0	root	_	SpaceAfter=No || 22	.	.	PUNCT	Stop	_	21	punct	_	SpacesAfter=\n	Öte yandan Sarı-Lacivertliler, yarın Samandıra Tesisleri'nde Türk Telekom Lig A takımlarından Kocaelispor'la saat 19.30'da bir hazırlık maçı yapacak.
ess_1258	# sent_id = ess_1258 || # text = Peki, kim bu küçük ve basit sebep devleş ara sok dur?  || 1	Peki	peki	ADV	_	_	10	advmod	_	_ || 2	kim	kim	PRON	Ques	Case=Nom|Number=Sing|Person=3|PronType=Int	10	nsubj	_	_ || 3	bu	bu	DET	Demons	_	7	det	_	_ || 4	küçük	küçük	ADJ	Adj	_	7	amod	_	_ || 5	ve	ve	CCONJ	_	_	6	cc	_	_ || 6	basit	basit	ADJ	Adj	_	4	conj	_	_ || 7	sebep	sebep	NOUN	_	Case=Acc|Number=Plur|Number[psor]=Sing|Person=3|Person[psor]=3	8	obj	_	_ || 8	devleş	devleş	VERB	Conv	Aspect=Prog|Case=Nom|Number=Sing|Person=3|Polarity=Pos|VerbForm=Conv|Voice=Cau	10	advcl	_	DerivedFrom=dev || 9	ara	ara	NOUN	_	Case=Dat|Number=Sing|Number[psor]=Plur|Person=3|Person[psor]=1	10	obl	_	_ || 10	sok	sok	VERB	Conv	Polarity=Pos|VerbForm=Conv	0	root	_	_ || 11	dur	dur	AUX	Overt	Aspect=Imp|Number=Sing|Person=3|Polarity=Pos|Tense=Pres	10	aux	_	SpaceAfter=No || 12	?	?	PUNCT	Ques	_	10	punct	_	_	Peki kim bu küçük ve basit sebepleri devleştirerek aramıza sokup duruyor?
bio_1510	# sent_id = bio_1510 || # text = Meşrutiyet ilan önceki siyasi faaliyet katıldı. || 1	Meşrutiyet	meşrutiyet	PROPN	_	Case=Gen|Number=Sing|Person=3	2	nmod:poss	_	_ || 2	ilan	ilan	NOUN	_	Case=Abl|Number=Sing|Number[psor]=Sing|Person=3|Person[psor]=3	3	obl	_	_ || 3	önceki	önceki	ADJ	Adj	_	5	amod	_	_ || 4	siyasi	siyasi	ADJ	Adj	_	5	amod	_	_ || 5	faaliyet	faaliyet	NOUN	_	Case=Dat|Number=Plur|Person=3	6	obj	_	_ || 6	katıldı	kat	VERB	_	Aspect=Perf|Evident=Fh|Number=Sing|Person=3|Polarity=Pos|Tense=Past|Voice=Rfl	0	root	_	SpaceAfter=No || 7	.	.	PUNCT	Stop	_	6	punct	_	SpacesAfter=\n	Meşrutiyetin ilanından önceki siyasi faaliyetlere katıldı.
bio_289	# sent_id = bio_289 || # text = Öger prodüksiyon. || 1	Öger	Öger	PROPN	Inst	Case=Nom|Number=Sing|Person=3	0	root	_	_ || 2-3	prodüksiyon	_	_	_	_	_	_	_	SpaceAfter=No || 2	prodüksiyon	prodüksiyon	PROPN	Inst	Case=Nom|Number=Sing|Person=3	1	flat	_	_ || 4	.	.	PUNCT	Stop	_	1	punct	_	SpacesAfter=\n	- Öger Prodüksiyon.
ess_1924	# sent_id = ess_1924 || # text = "'Yalnız, neden yaşa ıstırap verici bir şey?" || 1	'	'	PUNCT	Punc	_	9	punct	_	SpaceAfter=No || 2	Yalnız	Yalnız	ADV	_	_	9	advmod	_	SpaceAfter=No || 3	,	,	PUNCT	Comma	_	9	punct	_	_ || 4	neden	neden	ADV	Ques	_	9	advmod	_	_ || 5	yaşa	yaşa	VERB	Vnoun	Case=Nom|Number=Sing|Person=3|Polarity=Pos|VerbForm=Vnoun	9	csubj	_	_ || 6	ıstırap	ıstırap	NOUN	_	Case=Nom|Number=Sing|Person=3	9	acl	_	_ || 7	verici	verici	ADJ	Adj	_	6	compound	_	DerivedFrom=ver || 8	bir	bir	DET	Indef	_	9	det	_	_ || 9	şey	şey	NOUN	_	Case=Nom|Number=Sing|Person=3	0	root	_	SpaceAfter=No|nullcop=3s || 10	?	?	PUNCT	Ques	_	9	punct	_	_	'Yalnız, neden yaşamak ıstırap verici bir şey?
